Id,Name
demo-alvarez-sofia,"Alvarez, Sofia"
demo-anderson-mark,"Anderson, Mark"
demo-bennett-grace,"Bennett, Grace"
demo-brooks-daniel,"Brooks, Daniel"
demo-carter-emily,"Carter, Emily"
demo-chen-lucas,"Chen, Lucas"
demo-davis-hannah,"Davis, Hannah"
demo-delgado-mateo,"Delgado, Mateo"
demo-ellis-naomi,"Ellis, Naomi"
demo-evans-thomas,"Evans, Thomas"
demo-fischer-clara,"Fischer, Clara"
demo-foster-isaac,"Foster, Isaac"
demo-garcia-lucia,"Garcia, Lucia"
demo-green-samuel,"Green, Samuel"
demo-harris-abigail,"Harris, Abigail"
demo-hughes-owen,"Hughes, Owen"
demo-ito-keiko,"Ito, Keiko"
demo-jensen-peter,"Jensen, Peter"
demo-johnson-ruth,"Johnson, Ruth"
demo-kim-joseph,"Kim, Joseph"
demo-larsen-anna,"Larsen, Anna"
demo-lopez-gabriel,"Lopez, Gabriel"
demo-martin-olivia,"Martin, Olivia"
demo-morgan-eli,"Morgan, Eli"
demo-nguyen-linh,"Nguyen, Linh"
demo-nielsen-erik,"Nielsen, Erik"
demo-ortiz-camila,"Ortiz, Camila"
demo-parker-jacob,"Parker, Jacob"
demo-peterson-leah,"Peterson, Leah"
demo-quinn-rachel,"Quinn, Rachel"
demo-reyes-adrian,"Reyes, Adrian"
demo-roberts-julia,"Roberts, Julia"
demo-sato-kenji,"Sato, Kenji"
demo-smith-caleb,"Smith, Caleb"
demo-taylor-megan,"Taylor, Megan"
demo-turner-nathan,"Turner, Nathan"
demo-walker-esther,"Walker, Esther"
demo-young-benjamin,"Young, Benjamin"
